0,1,2,3,4,5,6,7,8,9,10,11
1.1306642767496748,-1.0876547560815508,3.164263443111655,2.2930518269102356,0.023174562607197614,0.578814480325695,0.6648535048987528,-0.5367869793586234,-1.495392392501662,-0.4994851179899414,0.33758462329876066,0.4795833310579079
3.190926393750811,-1.4178845545702066,-0.5337149436697681,-0.8579696574393405,-0.0062894652456934996,0.7453473666016697,-0.2590627953354357,1.0697773878380887,0.34252391798416343,1.4315085665536385,-1.145256538602423,-0.8914180828611865
3.124339447979954,0.6570076372842971,-0.285134043558127,-0.6266408168152943,0.15279321898038478,1.130179109963128,-0.3249952683037047,0.20929934295334454,0.04320487629800454,0.4623038822987753,0.4316650031923863,0.863228455568184
-0.4843390581200203,1.4109722846013062,0.39780576278011676,2.832741412486946,0.7213093802924625,-0.38836100828960607,-0.5222212957311264,-2.1535250323019635,0.7600790539205996,0.2283791585068483,-1.5450645361358821,0.342959621716811
-2.2845416734699904,-0.3300325638913232,-0.07226032799111705,1.2093182034282037,0.7708346287937141,0.6255866687809831,0.3795667572887633,0.014736129543047724,1.0503805247189604,0.6281098262243585,0.7972105023257765,-0.3229456172779355
-2.2047134554650225,0.345079033484088,0.49222912293340354,0.013864368159267185,-0.38023781862233064,0.030774579380955153,-0.9277450421521573,0.01314071508395955,-0.5465304027892296,0.47487021175184474,-0.6055355167875264,0.8809445789477541
1.9224160690712833,-1.6854826038134865,-0.9226074378059202,1.9390721804281184,0.0713762848551975,1.2216628871758224,-0.45757240014460393,-1.3777935967164545,1.6761476505524264,-0.027168950759938384,-0.4543007348134017,0.6702846231940571
-0.7393517094382215,-0.811668895610222,-2.5538286407579385,-0.8771733933211052,0.27477278040006453,-1.6509389237661467,0.364048237619133,-0.6190188825661749,-0.6746697400459628,0.6931161336269572,-0.2615424572811146,0.8570369334736455
1.3775164838008738,0.03341054288685118,0.21954633212134397,-0.3119012461938202,0.5966688222446087,0.8055584773537073,-0.7567982373980926,0.1307718845054004,0.19441056230376946,-1.3735621867272922,0.10022140858279036,0.4633677207075605
2.6864102921840978,0.8195610796477123,1.7577423219943873,1.4042502022055514,0.7793573303502982,-0.40463560952293504,2.368557374509075,-0.7971491427999143,0.17225419386491572,-0.4127838982032533,-0.05313302774570906,1.0961403537680572
0.024771680184725375,1.1156223893198243,0.3123507179702735,0.2661814305578682,-0.7927199778132884,-0.553469939919554,-0.3056126847663364,0.8183286831394808,0.36490784663072395,-1.4351438275296515,-0.33684634159123955,0.21525566468785814
-0.7083985253168811,-1.8280076569456034,-0.5496503286461015,1.710485361676278,0.7172045901223962,0.36447269797063,-0.18424764765540141,-0.03267594398456423,-0.3831565385602334,0.007639218083333541,0.34993783743681706,-0.19970889166273104
1.422746672411045,-0.22130455198796195,1.4767437076240455,-0.757563082132902,0.4545732665554059,0.06653399813091282,1.9913313676654432,-0.4193350526387266,-1.0365415856362497,0.3572367502711407,0.4687171922879721,0.10469415568384433
-2.012526543464914,1.192316765561679,0.8214436543089009,-0.5515569473623451,0.4393069348593342,-0.8835363390490212,-1.1140328366332595,-0.48196873571383336,-0.6982048536724029,-0.3285771354124742,0.7722068233536974,-0.2531477396866722
-0.49765669823443726,-0.26930622727058967,3.0063706248956814,-0.46186830753701197,-0.8087067874782857,-2.091936348139216,0.8952981998209699,0.558467830539634,0.6289626167748223,-0.950421559896662,-0.16386513098434866,-0.3295082364713894
-1.3599677525196725,0.4075629403658371,0.9322901841177859,0.5122021282118812,-0.7949744887237598,-0.4559179743922531,-0.5882023421527156,1.1276056480814567,1.1238881371778355,0.2256305729590278,-1.1876068015982102,0.8482853468041484
-0.46773058063406825,1.8144678857675387,0.8048500450606094,1.6707734577582392,-0.037826529306036215,0.031208605802391813,-0.8893037131088675,-1.2765305088785337,-1.013770720118649,-0.7637462069453342,0.8327656657300957,0.3811418187235391
-1.0345510031954264,0.351939541030236,-0.17047197944660386,-0.2799173189618724,-0.3424737081723818,-0.6432237356429346,-0.39216397708092826,0.45295799407094806,0.6092848668595796,-0.3900832208186757,-1.6478387106714496,0.2859674864007865
-1.7889553541322893,-0.5306966321232435,-1.369225317741944,0.11757892959777462,-0.7028125312309074,-0.6930311295963688,0.04197343228491355,-0.03407341686754004,-0.14509701519979065,-0.163393345884115,-0.0036581027327552583,-0.9883371420401383
-2.2314766503430192,0.20715109635217513,0.45446498436375365,0.04121722492232567,0.059402875137375896,-0.4760370796854039,-0.8783049006265337,-0.09735187280453104,-0.5318262453647319,0.5054644099036015,-0.7720629309617274,-0.041636171356362835
0.11506165614892543,0.40460092660319474,0.29555829484472135,1.3114869084335805,0.3484842991413497,1.5876244542432176,0.11723222297330713,0.8743843538596324,-1.9467844930914207,1.7968939908601007,0.3237396845788846,1.2130298214032151
-1.4760812039030942,-3.0486289279879815,1.639357150506182,0.6730175931528314,0.05925390109037089,-0.18447794867331307,1.2343448814198554,-0.24022255278013732,-0.7475968807936276,0.48373074966595664,0.5359986370084147,-0.1066950218938177
-0.5502827524968203,-0.463912225576556,0.2633621287823453,1.132249474649744,1.0476270929700295,1.2337878584591084,-0.65847218008709,-0.2944617260666703,-1.108657171303246,0.08182955292260044,-0.6651730066979359,0.5785487452722953
0.8173565351102455,0.05497506639570375,1.2505645753873875,-0.5439228929862676,0.6709737610985439,0.9860985020843197,-1.599100265379294,-0.4475049642780393,1.421042445297868,0.25073552286998857,0.32916360573861103,0.7577835710058125
2.840853110261153,0.9326307585000287,0.038145100231190256,-0.41356742228589766,0.3157275487310186,0.8489506225627382,-0.08190817548928059,0.3954758385838598,0.6432400900491593,0.5763265770553249,0.48434084883037026,0.3598653520733438
-1.188347662524527,0.20938455442113715,-1.0303193036109162,1.61636184369928,-0.9590517294451472,-0.008167122254341574,0.10921558937197304,-0.7401951425341373,0.39310467838362073,-0.12619116083095608,0.08094416851801664,0.24439364440049796
-2.0966664782539475,-1.3981222742860617,-1.5787508474659266,-0.4646966967040899,-0.18512801235222665,-0.8799243300974312,-0.5706715078846584,-0.7802554179629189,-0.6703592813726724,-0.2726207833283449,-0.034075306328090874,0.5196731623054825
0.6847368338140267,-1.291114487846498,-0.08542491799691614,3.707493816774671,-1.9725232111656654,0.09510259127542842,-0.7940690532883142,0.4842169690803011,-1.1299379859249037,0.3408115138507556,0.14538046304047667,-0.40523594136299446
-1.3613970691282717,0.5648137543394947,0.09905366622438129,0.042733410771045546,0.32569866847788587,-1.203840447269429,-0.3138330221796061,0.021749356303196375,1.276210273143773,-0.13264981328369982,-1.7851629214294273,-0.27019414795426233
1.4744321358171755,2.980826736561771,-0.4760570909852446,0.5294320058976288,0.8668105480189101,0.7794306132551024,1.3355274743511796,0.44835953847976806,-0.021857513683887088,-0.10088167934809725,0.6421798572467821,-0.6464983538787205
-0.6883544813461452,-2.0246707881083137,0.1803357863610739,0.43684627118828134,-2.0409592308158624,0.38936072745895406,-1.7360983572873812,0.13103504661860213,0.06453856367519786,1.6318408833252755,0.6408976098086843,0.20115419351326114
1.287267359275514,0.6367557503868138,1.2313544756015058,-2.4006650195444745,-1.1704757755596853,-0.6826301429738343,1.1384751411184395,-1.230191972611206,0.04845159251032197,0.6628205312749395,0.273644417267484,1.1263684704783816
-1.2357769260271638,-1.1206418007022814,-0.30681718694596577,-0.8515070793977393,-0.0633070692059416,-0.9458571880188461,-1.1438982151735337,0.42631530145016816,-1.1378084592506812,-0.34918136886534906,-1.41221926181034,0.3067457312308721
0.09837612309832569,0.8975696830421752,0.27023245997870426,-0.03367866366052036,-0.32758481898634395,-0.8624498314139608,-0.7227560750269119,0.22407657552543694,0.07201610605309446,-1.6372029874498828,-0.10936827556666398,0.6818437675547379
-1.6406459092709167,1.2840425683962062,-0.14838679837639684,-0.4403784875731542,0.5091305388688057,-1.1915122437807728,0.4068171431018494,0.28830833961120694,0.09114103288578149,1.5039594221726513,-0.6033403687248183,0.49165472054509735
-2.153032306609083,0.9090572331720694,0.036547965946529384,-0.5056613393337601,0.2079970854047514,-0.9202932816454571,0.04617123819387934,0.2084840502933094,1.134387183827417,-0.3348091057798726,-1.269502045824815,-0.18509790444904023
1.747726389913616,2.5508667206471403,-0.27607036804194796,0.7271831332307602,0.9731306609846977,0.46268596848827065,1.0735486281494888,0.5202569145391641,0.1939660451677754,-0.026869388361411645,0.41115089158287377,-0.37492390413578947
2.2711439546170475,0.03673635428476759,-0.4440236242339992,-0.5153575788836048,0.9180177150095387,-0.23404694919255564,0.3607179006048198,1.2768282389300534,-0.4113992925996959,0.01999150531200849,-0.07694731062792955,-0.9271599999531885
1.908062452694696,0.5489821135875061,-0.9450476117259777,-0.8599052145366982,0.5103765988085482,-1.5997144467179647,-0.6593187042178951,-0.6924072310793615,-1.132088522359147,0.08017784937530978,-0.273867771949974,-0.33540770196988456
0.814076837511509,-0.4576203341479238,1.2201185083816588,0.26957478588260647,-1.0862789588708708,-1.296396250212173,1.9794275905633603,0.29380424927050597,-1.2002848982473369,0.7234134241593005,-1.229134471542407,0.369708253970712
2.4169209266156835,-1.4643378331515275,-0.4531344886285802,-0.44604911455546875,-0.9831217936770311,1.0710848528276948,-0.6376436612597617,0.5014003960925628,1.514100583229782,-0.7486789326156069,1.4168734215674417,-1.1227214798454108
-1.2478172816698578,1.8122478417513084,1.6100973227654014,0.5214173740569222,0.6345897412879016,-1.6747363954292798,-0.587911062162589,0.3664226801158924,-0.15999577516546465,1.8847859994340688,1.214849555231521,0.047401976295144324
-0.703337418634106,-3.020501693853844,-0.15722758892242877,-0.4530266478392772,-1.3850939160788107,-0.721035106917199,-1.703555484912061,0.38610463564793185,0.31869705934023534,0.9481631772259289,0.1890446547472697,0.07417544493529166
-0.718163377771419,-0.6895199053766747,2.009587805673309,-0.09194045509119834,-1.3651290184875877,-0.7878155513726094,1.1049052244416822,0.06328526096643995,0.037559668434931394,-0.1429106342427698,-1.5538744696488336,0.459452290273762
-1.2807385499586135,-2.046643254620894,-1.6636580472774525,-0.6966289115452855,1.0056214825156535,-0.019592787645883458,0.1368781723234693,0.07511428371394942,0.13099552539464313,-0.9096241943327297,-0.12005878747730239,0.628380967792273
0.7796833631354103,0.7179243583780602,0.6667817109380884,0.36491643652642985,0.7387300484192694,1.3728398479759134,-0.9968416074737799,-0.7702280445986626,0.15387848966739778,-0.6078521629119331,0.538787442543917,0.9969125218940711
-1.383706720758862,1.5785339546785726,-0.33041231351433137,-0.15770367281506156,-1.4112897157721611,0.8653761555770652,0.07945093364686272,0.7590793067315827,-0.5461733576560105,-0.13886808272795012,-0.7334554347248485,-0.5408972302254084
1.5459022650776175,0.5619581720073664,0.41544655741927866,0.9872449053206213,1.0940690433196631,-0.037368673058296394,-0.3096655697917677,0.47452912713461504,0.5626628318464413,-1.4355197959250727,-0.46278892328281906,-0.751433103208266
-0.1949911293508293,-4.10803229043921,-0.02612283505664177,-1.194951598917214,0.5612730802309597,-0.4145061510996426,0.8443939822713405,-1.5638119071726224,-1.0210047511562044,-0.30709615343376345,-0.4185041428870224,-0.0036060294085860215
0.26255764322707525,-0.15082494570932933,1.824609084612648,1.6037123515777103,-0.07604220453092503,1.2245333845271413,2.210695526394451,-0.70753669708277,-0.40622308471527446,-0.8503990470670613,-0.8004355187483065,0.2663854147224214
-2.9066397965623434,0.5748962799343459,-0.626014584513489,0.045856484940118555,-1.0457851215502474,0.5467750980478747,-0.005816445515921299,-0.8776103161179384,0.5060400535975824,0.8998597612873261,1.1371754362660187,-0.49496907198890483
-0.1898716448069986,1.344534265200583,0.0742846376225954,-1.0313659487572833,-1.3520188451800674,-0.042597241433973816,-0.5529325764343517,1.1933668249018226,-0.10613205525953416,-1.537575867338804,0.15765400047051045,0.8211291981649057
-1.202399516664953,0.260700561321312,-0.7800738098174052,-1.4670153192613269,1.267703717274365,1.1594156212883058,0.1439959281630068,-0.5002821010073867,0.16645801446463376,-0.31200658109881035,-0.828838316841878,-0.767046455381538
-2.667534657152359,0.21787813215442584,0.9807981460488587,0.05967886703321042,1.4246804617281754,0.6922075302459119,-0.058726890335507785,0.45993407737529274,0.3361040387297236,0.43415181202756514,-0.07340978588092442,0.0952054892401417
1.1785171547877238,1.0478648351342972,-0.36653361830798736,-1.473385552161676,-0.30246078595229425,-1.1456982322856788,-0.5271780340524836,0.4168277593765222,-0.10300643327858548,0.43446800005870867,0.04894728338777908,0.614933651325473
2.6900078521620094,1.0603627698673892,-0.6855825922402594,-0.23440016897188617,0.8912270901008126,0.41844673531801874,0.2228868515893672,0.20786700158123364,-0.580913575695078,0.06862601080970329,0.18969929705292174,-0.5359237888201773
-0.11112297808903784,0.8863172976136506,0.9215489695292447,0.08896502900079481,-0.2170945072853432,-0.7046672552674078,-1.1098568882507938,-0.30774524911577095,0.404921302745387,-0.612621294973011,0.33275909885313537,-0.29926811187384555
-1.2031526309013603,2.1183015801740357,0.25669395112163607,-0.9420629839118754,1.0083749390497194,0.8758085297753567,0.5193482403138644,0.4194288102615693,0.7934832535476961,-1.3619556599445979,0.8014039999532904,-0.2223600051472235
0.2410528337760654,-0.23756451405614062,-0.03894407481350225,1.0122316580153206,0.8139987807115003,1.4970450191613025,-0.16174996054289958,-0.5349012914310904,-0.4665961565954416,-0.4063816284089106,-0.5939406510475932,-0.22331869385051734
-0.2052345445161522,0.39396690510544613,0.4678057749888926,0.13701204698442984,0.4126655839666971,1.262273871887385,0.09973645545040673,1.1527535970781668,-1.0867965734018916,2.532881168460639,0.32576500050886337,-0.7624872176495427
0.9372657090909738,0.39644508817309143,-1.7706501945744662,0.31742259036526604,0.16801280937322927,-2.0031072862715407,0.32930709742202724,-0.6002722276681177,-0.3752234298164423,-0.21631183206546548,0.9780541074429601,0.026623125452251664
0.29788889414412606,0.268316699677637,-0.6846643392294991,2.684647824892755,0.7174081186824662,0.16748971028525317,1.6758985444912013,0.43481082911316926,0.9531879448184586,0.9267117656854098,0.7866330990193624,0.27155484580315514
3.050556071862168,0.810349243207843,0.03552684420359246,-0.9431853783698452,0.20942787460354806,1.1488519196687978,-0.31124552125046756,-0.059949318190530045,0.9188748357051791,0.9615449907687971,0.641402638836547,-0.076110786938519
-1.8886277534416518,-1.9238882345322303,0.3171398948731304,-0.547882010726828,-0.8814443384305722,-1.3767905452461342,1.4932817512057754,-1.247700087805311,-0.4004591859219327,-0.40458566045962524,-0.20211907061680165,0.1382579372002385
1.1810404746935774,1.832728893714338,-0.08443683432608487,-0.023359947593893458,-1.412895636027041,0.44625731101612703,-0.5231229773640048,0.07594665546600478,0.06165193073260214,-1.200671252780611,0.022979356551379043,-0.7154157905570309
3.070027933737825,-0.027889936026186793,0.03472708567905362,-0.4033563968829406,1.1165409364712495,-0.05653643337462994,-0.5986060628880532,-0.06457422221685033,0.557132121832433,0.6475061344882492,0.00351824177610625,0.26847660086317116
0.33514391441986263,0.05231219397298133,0.6859503731799351,1.767039446619652,0.305700188711561,1.2333361556645996,-0.21817673863429715,0.7663722657775955,0.6293781732160343,-0.11396369265126335,-1.1282497961721707,0.8833158524358466
-0.18821629150491273,0.04775615926985148,1.2014981263304358,-0.024448549608142415,1.279057794131753,-0.26716848876476385,-0.7796449160470901,0.9308627822239331,0.6705017720360571,-0.7695722625021366,0.19720553884938793,0.21131849868794622
3.501327927884587,-0.40243620685660947,0.0709516652373118,1.7353022885706542,2.0706945574507603,-1.4798208644502264,-0.2855804823984218,0.2844867657969482,-0.152309191304427,-0.31562507197839945,-0.7512312777002177,0.2930590879477263
0.108729375992684,0.6882392020426219,0.4545833463739592,2.110599760941282,-0.19998925059246203,-0.560425330355976,-0.6770727400125612,-0.3401971324002625,0.6435150284703527,0.2763334413268882,-1.855199963965547,-0.4241698920529582
-0.9737767815599183,-1.8104041191711981,-0.8099342182191734,0.3721875862103747,-1.1222303572444423,-1.1412729661587455,-0.561528671455151,0.9773803998115561,0.18152159393195447,-0.21418773993861293,-0.36564164333992055,0.1418940430823459
1.0224598372917855,-0.456400752009728,1.6468273507577427,-1.7199849126607567,-1.5665806103956084,-0.17982670629961833,0.3893498495080666,-1.468563482955522,-0.16316819579018446,-1.248353868241299,0.06928263914259788,0.890610976383293
2.9749724526793755,1.140403822095213,-0.9312687894759771,-0.9550911216948788,-1.120527946899673,-0.08552763011445964,-0.5918629294486295,-0.12059130841058402,-0.9051098675302057,0.4004971324295947,0.053029895608898356,-0.5021156871306529
0.35801325505356735,-0.061855430229798815,-0.07074418721136291,-2.1114665638007075,0.20283368765055992,1.6371979859035137,-0.9012436018789277,-0.07199070498309469,0.403697538763354,-0.648154225948326,0.28064074109912346,0.7824827928761356
-1.782449648797383,1.0152667678871008,-0.12037846314823011,-1.1680932839404683,0.8581025206485144,1.563173668499553,0.4611532637290513,-0.10746105743411798,1.2535127764574567,-0.1432988449004293,-0.4076755814184683,0.17449929547468224
-0.5376429594438515,-3.2152001983869827,-1.0035129136933423,0.09107130233582068,0.9775402526344221,-0.6933591118650086,-0.5330155868682149,0.7642146153448259,-0.2252025562013367,-0.4170561557371815,-0.393699393270917,-0.12473119108857673
2.532379725976933,0.7824031290181226,-0.3069867868660755,-0.09511120225589906,1.051980501992666,0.3097799933528799,-0.12955490612472587,-0.032306536789305784,-0.06424337620450482,0.22004363694957327,0.15245042593953448,0.845961962838621
-0.5336518284003199,-1.8059032312856271,-1.039457829585165,0.08853741107852835,0.6654601882170147,0.35838300967069225,-0.2321842677773786,-0.21139781909114908,0.5383166965924102,0.26473804706702725,-0.025147492975608716,-1.0004793027322152
-1.7233583140190234,-0.03173170980905919,0.778756808882349,0.9374547732360581,1.3878878852605,0.830296337240827,-0.13556140461016647,0.06220476181809868,-0.2576760374983375,0.09245951838385694,-0.20248060115391894,0.15501945386563998
1.6600752265531553,0.2366667366911792,-0.3853825917125019,-1.045225690376746,1.1088529953960193,-0.8091000260237736,0.36302225719455417,1.9957266537595444,-0.598896356566294,-0.30072462121807714,0.052382333666023836,-0.6413397509998306
0.6843049519476303,1.9715617829957774,-0.957711265385337,0.9217340739948064,1.1908221341619054,1.1627321507969366,1.2291146503892674,-0.4015045940545027,0.13744186483200668,0.882485513160795,-0.8752999042612396,0.7459831025967695
-0.48741560785645294,-0.9281043404382416,-1.5522392452883322,0.7711145118706912,0.46739998976943303,0.5939189247424526,0.8108716435723684,0.13664540337762338,0.3663255695755092,-1.050505229316564,0.020505836561755624,-0.32190555239910756
-2.166997428608957,-0.44004740888184635,0.17244202366890043,-0.47478627134570034,2.401663617844729,-0.3006683161810064,-0.13898155098886006,-0.24526368934461323,0.22632270349925296,-0.044860383995180574,-0.9003469207925119,-0.6970385434796962
2.3605006411290392,-1.691157646899253,2.4065702219931873,0.2238418329593874,0.813992961753766,-1.7436527110212097,1.3871608203076073,1.0303559152837551,-0.6081102278535924,-0.14189784081900728,-0.10696015585989596,0.7503603828194397
-2.2898476051834176,-0.22135223225932035,-0.028770527233342932,-0.463904569024748,0.3598639121119022,-0.5060820181642143,-1.1181387944811922,-0.6078189007574946,-1.3470609776624776,0.33664510942306136,-0.8076513522141808,0.10649526681301624
-2.1128378571856965,0.04238653315853154,0.5771611782313641,-0.22552411925353075,1.526905294076102,0.27519211558241935,0.14638947821839918,0.6409507022069879,0.7519574464231651,-0.05229889624056135,-0.603882071883774,-0.18045582620296413
-1.5899351637023242,-0.177213509727796,0.19797428279520862,-0.3468107023338461,1.2586795926983627,0.4283096170586574,0.0992312170429426,0.8208858361846723,0.07408398888171411,-0.2122949184879663,-0.7346995233102211,-0.6669380704609029
-1.4582634626294058,-1.039373313933211,-1.1156231272669752,-0.14120646684618085,0.4782927397345386,0.24551701479646315,0.7694115754330099,0.848342198967613,1.1534245727070807,-0.7421676472229948,0.1447328370377787,-0.007273596605587691
-1.4998891820512443,-1.057377578178048,-1.0260796644998327,0.24606737428411568,0.5134821205312907,0.5170832764053241,0.44189870594986386,0.4464187933138417,0.31080917318189427,-0.25091792256322215,0.3643363780890142,-0.437585611335914
0.0029653220168958474,-0.719369551658871,-0.8275798742236917,-0.20620681812028882,0.8114403346621304,1.0601078071329475,-0.10341786515399816,0.25647538627772876,-0.9142853607486893,-1.2260389066252595,-1.1798875448457589,0.8593361383925128
4.13070985709879,-0.7196989110828544,0.5356440500290586,2.676185609282571,-0.7443865106385922,1.180832144985349,-1.1632589845175392,-0.9856391970189409,3.4478720372659013,0.06239472696465063,0.553628373528513,0.4417937658170866
1.5252097250259995,0.33458119732455094,0.8168554922765531,-0.5961124901951366,-1.3767342846447927,0.5864278030245611,-1.992515249362246,-0.8382522022778703,0.592201301019717,0.14124514176687716,0.3674538945455394,-0.1004243451188653
-2.249767314940498,1.3025532511719184,-0.7207280008894662,1.491914624293177,-1.1971068237587983,0.5180635145419353,0.7267490418130765,-0.5848617550002841,1.0484073564111875,-0.0951958309129465,0.7533178987284039,0.5359045814064536
-1.6441800670948103,-1.7717545960364327,-0.7338583791077555,-0.048361056253884746,0.3563628881172353,0.39924754369013343,0.13088118155001902,0.8843444547057874,0.3904038566885748,-0.39276702043861905,0.4727922607839141,0.8506660297692444
0.14074438281894966,1.331800325150813,-0.2930895463205717,-1.8997689783957776,0.1885900332433236,-1.3900404682729504,-0.20556424407001955,0.21428757682010793,0.1003148619796308,0.3820055079431053,0.4237304499879184,0.3399659471534416
1.76541384893868,1.2294220818672192,-0.5294548045338799,-0.7332395170982055,0.8438716522748823,0.7615141246771243,0.28575030246206135,0.11572129766623361,-0.43484514166113186,-0.033426299401603764,0.7148048391073405,0.8188628152876783
1.7932458695816091,-1.3532612298890954,-0.2357007135553704,0.4547083521841529,0.29498622097064037,0.21107371669500502,-0.8526189564579226,-0.5613482270349835,1.929061536360269,-0.6795831336580131,0.9493783824439007,0.13254954252901943
-1.5852541369997066,0.3889524905325909,0.8279901018031742,-0.0665381557897083,-0.9305872302372041,0.25712091395166176,-0.9114388745394181,0.4121063503185038,0.21204588271742408,0.9098436606367969,-0.5290055415324506,-0.28796950841283653
-1.9832945385953373,0.505849529188567,-0.04982857417835264,-0.7669192353423673,1.309619796561927,0.7545351676013724,0.43758973258937645,0.34192497043640613,0.9365413361264523,-0.566179260793468,-0.7290507338751344,0.6869403475733928
-2.066199966798356,0.48832472976769553,-0.36975096637437194,-0.9382291543878305,1.6669197424887217,0.6956660168804285,0.3670650440845578,-0.22628456436552685,0.5533642517287675,-0.5725509296880553,-0.7955021556334485,0.4573864412956211
-3.2141367540504864,1.1261698777195945,1.2579214875033216,0.5585637520570607,1.2279303766458514,1.2930684855186185,0.17588286575341056,0.30135009741982244,-0.016914787187166012,0.9837628756786194,0.5159545616036103,-0.8130868033927243
-0.9713148672251093,-1.7391482485516936,-1.55631500384805,-0.9841658014322696,0.5731458337173446,0.5309230171794815,0.1338619230540036,-0.10209063742783013,0.6534164495138067,-0.4705593753753721,0.10901668410749707,-0.05327577441357218
-0.34346404257755,-2.448483816323795,-0.09454782309814576,-1.291464547527485,-1.354251100663741,1.5389446510306872,1.7723545876694597,-0.33980752402866327,-1.1251177531468246,-0.560833437694501,0.5115762151823069,0.3894746855595032
1.1382760628614481,1.5396512572548453,0.813918767295791,-0.28795498716260387,-1.365003537907664,0.9660774651655349,-1.4535504771995051,-1.1814022716587962,1.0197627042237392,0.3418641674828822,0.5872814070947209,-0.8640476949607121
-1.4441992683421567,0.6545948872192539,0.20170411714320619,-0.9690667025518921,0.14335450585442394,-0.5343461970657812,-1.4252266168216499,-0.5668384572351173,-1.8603240313042155,-0.5954299773260975,0.6545299344322393,0.0018508074884857717
0.33319643082599365,1.3835284409899595,0.3103373292367766,-1.5837045934278242,-0.601105148295933,-1.183143120238432,-0.06568747926090993,1.3663012176135112,0.7984244735987127,0.3747654818441498,0.5784672224833332,0.8736559047558373
0.4389189514828234,0.3433387356443408,0.7317854361115685,-0.1739909599927602,0.5931092797990316,0.9676144347150962,-0.6346126855920791,0.3169831907942665,-0.05885604838501894,-0.9637777696914583,0.8000075315290486,-0.05557631103501568
2.516017254950152,1.4114121527932122,-0.5303462936371937,0.10990541924726818,-0.32018456801331335,-0.6384184269155981,-0.7389617630109788,-0.7487265779911261,-0.2764028985533452,0.47098071417192655,-0.3259243103836156,1.1088818094501502
-0.1206991898097656,2.4102198781555138,-0.10163327456263763,0.3826492035759285,-0.04806070228637612,-0.4353411143534052,-0.13243375307255467,-0.7237163671859278,0.18655898442275112,-1.3509360943189717,-0.052750178056097954,-0.8256622794714634
1.555947239362813,-0.9713568795642575,-1.3531813168530002,0.26015170934651816,1.268044230085269,-1.1913698067081813,0.5176983658287033,0.5374314231452231,-0.1517705750198699,-0.495130160734322,1.2005006285923203,0.5216775234432223
1.294963006497911,-0.2760763296515477,0.6461150597156025,-0.648631107356248,0.2638552381604917,0.5834310318217768,2.5877417207678737,-0.6153344557486482,-0.44403345035501873,0.5976390693800387,-0.9036389354533793,0.47653982636006564
-1.8054302621525438,0.7502863146232479,1.7630585560979697,0.9667811129694586,1.0094289587627574,1.1408423889611523,-0.574868760376796,0.2605051458597029,-0.5228148458925657,-0.06818147792985464,1.51197054899641,0.8763810348461074
1.9878077329710617,-0.6825938190008609,-0.283559569386461,0.5277827954003805,1.438493807970891,-1.4017952836926646,2.425911813463546,-2.0942849945614275,-0.43242262064011355,-0.25070048361833147,0.629513322345385,-0.4697559966400662
1.308744160592277,-0.431338419231641,-1.0642577628409196,0.5258577417988027,-1.806514990553636,-0.17745168568821526,-0.8199035737442574,0.010761291749345822,-0.7793290754969805,-1.0128577634665723,1.1430421198420715,-1.1872078101585388
-0.9674656005467406,1.5766097023917238,0.8713590497644923,0.9450317175390481,-0.4377423734606372,-0.3967927230445179,-0.38738559280162993,0.3950128349102611,-0.6282539505744129,-0.4414362496556391,0.4578009175422785,-1.5842991787606195
-1.235011977317348,-1.0545823656656637,1.9974474184628008,-0.7464591971585317,0.015929711885747534,0.4943772490766681,1.8619852084976336,0.5263025732495951,-0.08645054347276612,-0.5237680085018878,-0.7436176484375068,0.47586557889419506
-2.303509248443946,0.7743509596802927,-0.715058658430126,0.7625727601163379,-0.2591691462084007,-0.9812406976435722,0.6172900828850264,-0.45433407685156424,2.4583568338222865,0.01430426683892325,-0.21595406979755952,-0.2176609208367843
2.9033652679674855,-1.231809684253485,0.9474033506821876,-2.9326654631129636,0.29624180346889506,0.10846305987058473,0.8353056585963992,-1.2526587518203052,-0.38030169671281305,0.7713584548690612,0.0902077988970291,-0.10867989570077854
2.308490139323653,-0.04812326741895358,0.16902995928770706,0.22396050235191187,0.3167967987787108,0.8866102745874967,-0.9465964419003601,0.20914430733454017,0.15626910652920775,-1.2461129162140072,-0.3059029476752311,0.2048544642094439
1.0603286065109332,0.10407594498796217,1.34323918796825,-2.6741005716962873,0.7008099133423977,-0.2179152406787206,1.988519899469903,-0.6507245371224106,0.23404858304976642,0.41494354522140786,0.6959427703722025,-0.4665638363022665
2.9836203362714597,-2.8084102847394607,-0.8627822496891112,-0.06900697554452431,1.1005131248959588,-0.19010776606131125,-2.0786935396687047,-2.273045828952115,1.2109769687255036,-0.22207622173208955,0.22260168115661935,-0.17427576796364358
-0.2602940789561261,1.960995580593786,-0.9456535960648923,0.45266372354118084,-0.4230576628835145,0.2549987212750209,0.5900322097322702,-0.252496608838768,-1.2417175501090059,1.0791301104473763,-0.5167140339775308,0.6282815254989267
3.8691117908494865,2.0663184614189403,-0.2458179341861824,2.6716778120875095,-0.4294665639689374,-0.9377067044557167,-0.25816454075954787,-0.36533722618098685,-0.04960844045431665,0.16193677306298124,-0.9476545193781374,0.35736525823994214
-0.292098450575277,-2.2319119043332383,2.6860593901232637,0.5583808751975247,0.15825505374547003,0.9380384873488904,0.41597241810403723,-0.9338734079243809,-1.2485184751366438,0.6407186775366417,-0.3977499107714357,0.7897009802566708
-1.8635673210510681,-0.6916836718553941,-0.22827718390460972,1.7106238917883219,0.8856927095084492,0.63018959649221,0.38825473333047333,-0.29124131224314553,0.43353609239462354,0.1657205513886191,0.897261794154776,-0.1363145831393266
4.57415877194855,-2.5050967826296118,1.3781445760465074,1.7059296873044696,0.4119336585138161,-1.9160522564845281,1.528525876402416,-0.784581909597152,1.7449364604357294,0.4346887075907423,0.209791244585236,-0.81326190666542
2.133325806711439,2.1204734888847154,-0.7577867167771734,-0.09063177035074829,-0.4774586176042092,-0.2705033169510034,-0.24946847295557054,-0.7039782907221642,-0.4659775960296162,0.3805141705207401,-0.0031836380051838598,0.33206480601349203
-2.7458005855247745,1.0096282133418386,0.48147974008122146,-0.036426422751167795,-0.18738991438550176,-0.026240150463542666,-0.41438964988627397,0.0072115047828889755,-0.33877691115188685,0.49241945932969067,-0.37113458139545524,-0.22768638858442863
-1.6915149074602231,-0.41154884583560536,-1.367598682902409,-0.32676591024041474,-1.4071403450994369,-0.233317226388082,0.24013262338317806,0.5740942825903292,0.685264132383793,-0.710186599749753,0.016601412144298982,0.97715837224835
0.03947546368245499,0.5952472251536474,0.32256712799146886,0.10891696223450306,1.0790958507815636,0.6719236770481744,-0.3764544508915345,0.13856088541115402,-0.8111113018180336,-1.3785136770924882,0.6411766803412129,-0.05624285662632321
-0.4348584424630524,2.2179644656550326,-0.39708490817310693,-1.795900683522565,-0.2826911736567958,-0.14600782238901983,-0.1644281713554333,-0.31072847215162236,-0.9170624487212979,0.7869295810324141,1.1927280497418196,0.525157479427803
-3.4063430921542284,1.0036189360228067,1.2106522656811645,0.3082472220472618,2.0472493446673927,0.44638702992601426,0.2898102303819199,-0.13844241692602174,1.093558566863892,0.710670937065933,0.05072630118561637,-0.48501582237725993
-0.9448978846245539,0.09184330929194169,-0.3493110952236591,-1.0168193210643854,1.9683120171420938,-0.5704587788239928,0.863697960661324,0.969667363144344,0.5650981983273009,0.7562538206379525,-0.7237512309680494,0.9719505406654293
-1.998022400096033,0.44829924504369306,-0.9427681374171026,1.256920171569097,-0.6800115898668647,-0.2293970858308257,0.475558964445255,-0.6231513042534355,0.5588872940648798,-0.21891278997141347,0.4173154486390852,-0.2740335697722921
-0.9612149780755753,-1.3219320756783124,-0.33621444531833916,1.861177433687745,0.49897768838824247,0.6801828363153108,0.005693264105974243,0.03306484054156157,0.03968321284178009,0.09642485158289979,0.5602900619957227,0.1630943899138261
3.058767314585391,1.4233073237013003,0.054004920698830984,1.6082970987682688,-1.179890685190315,-0.7989576353924429,-0.027895320249680354,1.2448790722437664,-0.28555637737806305,-0.4306437160775241,-0.19173119869649538,1.3001205885875418
1.4548330021348945,-0.13488529131856125,0.33683081064040404,0.21548802425886313,0.13744574924577982,1.4557180374862368,-1.1672160991419858,0.24392075389277793,-1.8206538438559248,-0.6582346648578825,0.6925896543828202,-1.0026865039990238
0.7561227346069488,3.2136442068352498,-0.45458588347913764,0.43078475175944425,0.2065615924247598,-0.9996083616620589,0.7785889734986315,-0.2478195799497136,0.07610293229937821,0.11190382170090238,0.2284867474772477,-0.816814486292426
-0.17206585868402413,-0.43385391277428387,1.676418759586109,0.8606380997886067,0.5489074718668835,0.8355671314569619,1.6775082386205347,-1.3785499224064135,-0.2475901102350986,-0.35511406060837664,-1.1804828828667584,0.602940586134515
-1.2670210821667192,0.32302489256512396,0.3337539419842646,-0.28503374912112317,-0.3343414278658222,-0.9659955038710998,-0.07235298989589085,1.4941430142436025,-0.7892376830766306,1.658980702031837,-0.2889775534003787,0.7717304927744474
-0.1490458057513249,-1.3435457315052741,2.0082458713686213,1.0535590358255411,1.4451436100493324,-0.6819856327187356,-1.417414698099799,1.2778019676516357,-0.9443329318201793,-0.4436469038868394,0.8198323437045795,-0.5142150627627159
-2.464878200299547,-0.12872766225646506,2.2840791803005773,-0.45014437418514414,-0.9853463719746945,-0.38342667337808123,1.228553969797358,-0.5562455852943744,-0.46559891223718064,0.228641986145633,-0.5311101195693911,0.6773139346517812
1.653540205849787,0.6936325012627265,-0.5205863550124926,0.08521819165734021,-0.0002623064721984062,-1.2169775638921805,-0.7339253736776546,0.022522733699542604,-1.943377292606649,0.12529382574378364,0.027804219308019778,0.6714098338590725
0.6536574013531457,1.327735938517996,-0.20360060007627903,-0.2289464618050092,1.2010769250939952,0.5516232953323836,0.35491645420713713,0.3104217360392038,-1.2832318631282695,-0.024351649728630825,1.147011747765899,1.1628170050290647
-2.1216813331011566,1.1467403139527665,-0.44729909121087114,-0.6112932088698382,-0.37918859347935135,0.24512576463000224,-0.17392285640466548,-0.17276647914721618,-0.670217084523985,-0.12253839170711486,-0.7468898655885223,-0.27098791850603776
2.7032284105308184,-1.7352569481154718,2.0962218908438865,-1.3990764394693962,-0.1293799679525456,0.12646885024551913,0.5634680047348434,-0.7596072141883037,0.741813213307658,-0.836291602123473,-0.2264535565783268,-1.6696133100017103
-2.7253688041850586,1.2148932705764495,-0.14504693686055617,-0.5370461105312119,0.2728016718360646,-0.1945561723008547,-0.21176849363064748,-0.6789602776687393,-0.055697205228240926,0.071273262209083,-0.726407775538253,-0.0125547763089296
-2.203016351317763,-0.4759041812836601,0.3260981608392694,-0.2859102624042879,1.826934416258814,0.3927964129687804,-0.39319628149012403,-0.03592344334022255,-0.7344864214033558,0.27160837029499707,-0.427492652803792,-0.5453573759153544
-1.7064948554658275,-1.0519309169597073,-1.8078299058495975,-1.019865249998109,-0.9030280654392615,0.19091691063811225,-0.6609795168442884,-1.1448587615636439,-0.7143641158467215,0.041424312093649475,0.3136036195497224,0.4070935027130938
-0.5871947011235845,-0.841102125918245,3.1871511352631456,0.8238371328099937,0.026603995663699215,-1.816792859136147,-0.09338648999847407,-1.4036621950602797,-1.3284673410950232,-0.23595826600956324,0.30903877785290396,0.025328954439272147
-0.670603138474307,0.2518426684630041,-2.2315161403969577,0.713128274438606,0.47372580266759295,1.356681331217341,1.2427532499842684,-0.7497942438430327,-0.20563078108520652,-1.0033155255921582,0.21333704101264447,-1.1902089878569835
0.8323296983691274,-3.310791173240764,-2.1803175815379654,-0.2910221244506597,2.6690869610360575,-1.0441716381317685,-1.8561074965674829,-2.687258720724282,-2.8206800636689207,-1.5918709199118688,0.47883720876732505,0.548272131574747
2.0046764586026105,-0.12989231436345372,0.1258510947045131,-0.47864270526945835,1.6457495314699802,-0.9991940344863339,-0.0034174725125026228,0.8621088509647117,0.2781164835003613,0.021690847312376055,0.1508971050418205,-0.306461454263743
3.014163532699078,0.45720309492955497,-1.3188274058131737,0.9763869989960253,-0.06716554973638149,1.6411784749868628,0.7775083337356209,0.5197107475342644,-1.1036176706827914,0.419360863162868,-1.008438685411055,-0.06901343124033553
2.639224318404308,-1.5902773705927093,-0.7865496393733943,-0.7770887963206432,-0.3286752100494036,2.0899547129236704,-1.262079813398093,-0.4698773758466789,-0.14353001991764866,0.09233182340944338,-1.510177602709008,-0.6300625724490316
0.30645401431505165,0.9751260200218221,-0.21961602331871524,-0.9396942942119749,1.0507742962938647,-2.355701474769273,-0.4640432459299825,-0.11777751628895962,0.07598028934409441,0.28398083928015916,-0.2910337876136695,0.8082163453781154
0.11350959999569712,-0.42403019373540424,0.17714678541997445,-2.359832218380242,1.1549074891849296,0.5606851692029441,-1.1273703775748805,-0.4039148581901393,0.575991016950597,-0.8097263038792872,0.4475116347759327,0.21013993906894216
1.3042902742956273,-0.6034310490976399,0.5152682037014663,-0.8298513463105543,1.1263486219826,0.4181285412644861,-1.2578405431643438,-0.5908479562090595,0.8845101675855616,-0.8789266929482592,0.10149306860890414,0.3601642545823649
0.09274179507146321,0.10384714571833446,0.18419205007013925,-1.3511154590009578,-0.805787037940496,-0.1300995862561239,-1.7699402264272497,-0.1102213046977112,-0.8454543113588247,-0.6571697429053013,0.19125653063716205,0.7965033109686247
-1.727506082422152,1.4221056276793382,2.11266586364617,-0.9515010757448458,-1.070787426602904,-0.06885327133058856,1.1566618959921688,-1.1405873671152624,-1.2837019211518736,-0.6430229494026277,0.9898935522039798,-0.05947837533594359
1.1971689914231503,-1.5849516785962825,-0.803891725755732,-2.9579954547764813,0.26405877663629973,1.1628317038815397,-0.580855909387152,0.5472121131637381,-0.01819088606075988,1.4535785583563934,-0.4662210412326764,1.4269819790119282
-1.1644730915071173,0.2860519483311828,-1.188287752946724,1.4743850144594692,-1.1928260834719924,0.3574915684134245,0.07991037092639734,-0.7992823154324802,0.11744251236769968,-0.19614461099145428,0.18738336935375474,0.6733327998986592
-0.07420100391663571,-0.2839989534968906,-2.188576548541619,0.6752925340870399,-0.24685140308156597,1.7627285661650445,0.8957363904267089,-0.18528840277871964,-0.4887939168320663,-1.1501859094333533,0.1741439873171355,0.022493997112114052
-1.443640856359636,-0.424631346630543,1.6528134800064194,-1.8116480822253278,-1.0121337271442408,0.0017916343468430411,0.8845046137955672,-1.7562854836643056,0.26407666811520814,0.5514177964303422,-0.784552670808229,-0.2688854678429126
-0.18731555149879744,1.5595699301425001,-0.019298598913159347,-1.326435822883204,-0.025027673382304074,-1.5354559146294584,0.12193382979480777,1.106281298220856,0.15106630409273156,-0.018330584064194327,0.4377462807358969,1.183314687487462
-0.7201687004588118,-2.118936922555935,0.4865830119018894,-0.8528752052406177,0.28445189622474115,-0.2142685736175457,2.299283616327518,-0.5357617687422435,-0.7409478991138327,1.6359275029241673,1.0106882138579125,-0.02099010223699994
-0.3199560358999224,1.5845703764468644,-0.4404816582137625,-1.3485146013524538,2.5109223796963067,-0.9163322741721172,0.8480168790959006,0.13410085518989812,0.025449382100109576,0.015679076947543863,0.5821643315910805,-0.7604154431492025
-2.017030732003283,0.9084589974024313,-0.698782818967413,1.6122625262979369,-1.6102816494051988,0.6779920546220918,0.5905045288766437,0.040735041428126686,-0.193241681825549,0.09633706901884154,1.0278678173037998,-0.752445669890805
3.138118861941013,-0.09232087258236661,0.2513458729932539,0.49299172252974405,-0.8168825913821,-1.36617855112869,-1.187559851184457,1.0415980525183737,-0.7973729781118299,0.6468536673496038,-0.335857352778534,0.08296406236122797
1.082547016993463,0.9655170654585684,-0.33115375200133723,-1.1804053149715537,0.8953035502632577,-0.439303732885174,0.836204419813573,2.1726588354440666,-0.397961439508341,-0.3400071099888163,0.4722033320720776,-0.8676164133405868
0.37485620763875765,-1.0942853723193038,-1.2846060880883754,0.808287059350596,-0.620877214896849,-2.234297406812198,0.8934285432883418,1.6175144943910833,0.635815592565583,0.4081608796923376,-0.2937915246240738,-0.11115797064179157
0.13390067321238514,-2.628979096086958,-1.8736214791541541,0.5434301629058911,1.3924847853835596,-0.3587496961539016,-0.22106529503951916,-0.6970023945822057,-0.3817726259678121,-1.0763602409563753,-0.7027437167788106,0.28907020646193704
2.0933857312385875,-0.23487228963896528,0.5406478196458545,-0.12971999363608594,-0.16978200293219606,1.249022504994064,-0.8233843553476021,0.6036414671792633,1.0815858313695434,-0.6835189891955016,-0.25660623126541154,-0.13441386734759792
2.7880111235978537,0.7704221215016959,-0.6176277210981942,-0.34605350025380405,-0.6607068587651893,-1.3536863257991472,-0.21732282801905978,1.0312860526709509,-0.8269068975746987,-0.02363877621201091,-0.30174974338468363,-1.4822396425070343
0.34987066003923833,0.530700156238073,1.4096882867905807,-3.016819311501763,-1.7117558908840382,0.46686872424728326,0.591118399845569,-1.976451763472143,0.37860785508763056,-0.46480411519705367,0.4129876955670064,-0.5530459081186978
2.5527011822445353,1.3354979429402287,-0.3094568732264511,0.18092418816408182,0.1033814260623999,0.8646565332740798,0.6746148003401558,1.2270208846403683,0.1267222615846616,0.28966396278322853,0.09379561415648273,-0.4227817191187946
-1.1208284245932971,0.16120088205189906,-0.14481025150847715,-0.35988637128153306,0.37959278566691773,-0.5171241526137562,-1.116524561657498,-1.2812804084051077,0.16499011348544979,0.6688202231046487,-1.4645575736878427,-0.7219538633531919
-0.5880752590347447,-1.4148805834627927,2.0206955138952942,-2.2085984080173127,-0.1596182811337319,1.4289284035857823,0.998215225712046,-1.2300529020069122,0.8599707978589529,0.748000707486408,-0.3534487901553723,-0.32129858436642755
-0.08132271631848823,0.7717392660865983,0.08272355089303102,-0.14650329032742665,1.7340329775435595,0.1344930971089433,-0.15248362819716893,-0.4012111972420691,0.0872774421291121,-1.667872836664081,0.2320982333295146,0.10944772503657624
2.349817287369912,-1.6366760832345488,-1.783923703424887,-0.7087998323616423,1.8039050580292746,-0.8807571948502789,-0.4943311161482945,-1.6375855176791834,-0.07423464969784198,0.44406396172615925,1.0237404582852634,-0.1635966349471881
-1.719307954401965,-0.72213668704964,1.7329506917319895,-0.04518987938486489,1.168986291917734,0.8889110002849652,-1.104941223860708,-0.05773047509248306,0.8467120979151571,1.8353907311593787,0.0805812280520217,-1.1384578220324733
2.0722753023391682,-1.0057336608324234,2.2651570997036465,3.5744056473062145,1.2696285267181353,-0.4193515496244324,-1.7984510802033866,0.3710182872390204,-0.3822225145277046,-0.0885494971451675,-0.0490107516757259,-0.2638089811157863
-0.9504052047793281,-2.3933622305268454,-1.116660195538224,-0.28862885120302445,0.8771323386251046,-0.6098116539653147,0.19865676157039927,1.017798258450563,0.8097021235557336,-0.8556593701936632,-0.3196349894574483,-0.0012306075878283432
-1.745796030617797,-1.3869823569013238,0.18190945710897277,-0.3166279307576625,-1.7965316221931344,0.17794781694390638,-0.9690629498731637,0.3478673122428402,1.1980239171812992,1.1126654638838969,0.920014197265357,0.527219855056876
-0.5458659476698218,1.1856321333506479,2.214609890113488,0.9546449341048636,0.08147345926285539,-0.9434253743914133,1.2053688551340305,-2.6357083440507405,-0.30001691187835977,-1.294667590867911,0.30978026279481563,0.6778403415594856
2.026164247009052,-0.5212176548770836,0.8232452692252324,-0.8268147428939635,-1.3729788824588014,-0.5261700761056824,-1.2819075944582399,1.1534171446233155,-0.5176464321085364,1.7547673306746807,0.6896992400261188,-1.0008785720158349
-0.7389318567335839,-1.7827698410012809,2.437397923937234,-0.45031449866693013,1.964383912899724,-1.5472020234752177,-1.629203742193145,1.314717716680074,1.2518369606220863,-0.005313317257957222,0.5112201801282003,-0.36685071880605763
2.2404183796070285,-0.9263623587191234,1.0219992483998015,-0.5976923420389567,-0.07086535549041212,1.4139521337049374,-1.853509897578561,-0.152013874959093,0.6292077451310302,-0.07378034416322002,0.4721111559586168,0.16551108124079905
-2.092209793697002,0.9057655563461631,0.26165088946496967,-0.26850438979644126,-0.6066714883755223,-0.10617984331783986,-0.16667152133319746,0.6860812282742851,0.22909993420732142,-0.042476933143308936,-0.7568411740419899,0.05046649879204621
3.6170558270750686,0.8573950092305362,-0.3053774581494386,-0.31380414412147734,-0.24510813534840717,-0.747775591643081,-1.3177998336071188,-1.4964442796164332,0.7002844136431643,1.451819166666522,-0.553788120901535,-0.8425370635084661
1.9703504508220033,-2.2523684486246034,-0.25749291590068957,-0.54066121918778,-2.680117958658412,0.28600258122008293,0.9348214311092375,-1.8858768800803738,0.28397874123415684,0.03981189165053826,-0.71710506548678,-1.3314391491071198
0.3653980345764996,-0.999053915322597,-1.2852214746713382,1.4059006331849373,-0.9228578479008183,1.7449649867708763,0.4269695594395966,0.9504458387585009,-0.5512887229189238,-0.7090516495452335,0.32152361257118656,0.25464650941317096
1.8209470428122827,-0.1040436871123009,-1.6219351955829509,-1.3347028328546913,0.24737278774256902,1.8595670687321904,0.2112952509312159,-0.2324111719325928,-1.2139810538493188,0.875120550391982,-0.5666796797873757,0.568235562732478
0.2594530510882161,-2.4743416543502104,2.8496874488430177,0.4936920241812949,-0.8568656953889038,0.9376890349324108,0.8606887422219562,0.9894010315722318,-1.4047900719044235,0.2813717327335776,-0.28058375262662577,-0.5224939724040326
-0.2220308086197314,-0.09078990468165911,-1.5999708658564613,0.7348166668582721,1.080793622274048,-0.31527473039870146,1.8251958372276105,0.5912008827941514,0.7462412232743639,0.46416475281699965,0.45681982709561275,-0.22825979227011756
-2.254774249580742,-0.3118792241081683,-0.7147944924719711,0.7332917372706077,-0.7733851866376883,-0.24422027314460526,-0.3530446369559726,-0.4393229981618261,-0.11401945441842844,0.5136944901112437,0.423857732474869,0.019381870210092546
-1.0389967366296742,-1.5944401589499242,1.044180391615486,0.36763135426711596,0.5603059898692444,0.35658899221522933,-0.7531083784233555,2.1162080290709646,-1.3543393835860973,0.4437866032754916,-0.40604259327802716,-1.3484005994045014
-1.768888297003517,-0.4447705233310691,-1.7179751180925023,-0.46762124191074844,0.5963902511488456,0.869416917571559,0.8657627166445836,-0.0902689653647719,0.48560178722028546,-0.7729517152497056,0.34722350853196104,0.12214763404927219
-0.0469080864423316,-2.232084329186793,-1.4631722219470324,-0.4373746209335952,-0.05496648385942491,-2.9935330595522287,0.2280129676647746,1.5945644323578072,0.3563735776967867,0.5978513798915026,-0.6479865666647773,0.17734007189305137
-0.6291377974681469,0.37658462150871574,3.1656494760469336,-1.0394425476423088,-1.752810641131271,-0.7551503662687243,0.9212564410135327,0.4045887467301344,1.1432645850048566,-0.5996803486400065,0.5268914300043777,0.538050540824213
-0.3084869935931175,-1.2477160004479184,-0.9351237253443351,-0.48553166243987717,-0.7759846207772477,-1.4899830087000643,-1.0025465938054716,0.4525959182713508,-0.8448095224467508,-1.219742244301822,1.0024484348089535,-0.32225742527689344
-1.4224348268234839,2.2334795739420517,-0.057708321548952966,-1.119164222150164,-0.0581025657655855,-0.4578429902629161,-0.19599841083927125,-0.2736261117984225,0.2889117708086233,-1.258977761377963,0.32010481317297346,-0.08893055670202471
1.8967261824140895,0.1820123187229407,-0.09680096325863294,-1.7472583264402937,1.630498248912378,-0.14438109347424927,-0.22330236930351693,-0.5545876152498564,0.7068016656640614,0.8006435656611975,0.7100715301164663,-1.3296390774271096
3.0828050186879343,0.6688274801691235,-0.2557348504534339,-0.389137835668217,0.77756622291497,0.6076150423835229,-0.35297171477279204,-0.2753734035054309,0.29534998588562905,0.646260635617557,0.181428790838117,0.15278304581354393
1.5848580515459154,1.407828299743189,0.01963252448897044,0.23105554921912205,1.0467866286282934,-0.31733000924650645,0.9310893817321129,1.5183171327024108,0.1384168173329368,-0.3326486286908991,0.43887339176270784,-0.4198890127149043
-1.9783302045334556,-0.031892114474736624,0.2898320867824647,-0.2229859214867521,-0.419581913347261,-0.2628760946759614,-0.8290076488917167,0.5029919817308655,-1.0142444791968348,0.2639350665779544,-0.6843301347119459,-0.16425119432817004
0.5234018848309019,-0.6139304249073352,-1.5298311710386092,1.0149074612475109,-0.7039463376551058,-1.5351086179469489,0.6729390194265307,0.6846429958954278,0.5010519497297472,0.5969636576548881,-0.3205122984260554,0.9861517519718209
-2.927930850269688,0.6108693943176413,-0.9423460301542228,0.2853630233795372,-0.40261469840524705,-0.478432553812715,0.49356327523397137,-0.5316669358071284,0.8937767112143016,0.11190856404469898,0.4603513101384318,-0.5973242114061249
-0.12864376398043523,2.321071842060664,1.2320521220205054,2.0117088950237734,0.9837030046768611,-1.1300754084651123,-0.8729863894259448,-1.4994719389305045,-0.4994930371927439,1.9885908882437273,0.8308699064986328,0.6704767253190097
-0.8779792956104401,0.8305708212383947,0.4749587888033557,1.452651924099717,1.329475319000178,0.9325810950120054,0.22389608448918627,-0.29936091594682523,0.758657210507007,-0.0022383864378395474,-0.8466958022275921,-0.12870036040959087
2.1497966316204042,-1.806655156930262,1.3157107105560668,-0.48134412129780846,-1.5203539610830543,-2.423452856047568,1.3708813002398945,-0.13805537125114337,1.513186951066209,0.3631392729982408,0.9663837099137551,0.7066667654541041
-1.4596718761540268,0.9050229950579392,-0.5687052645484321,-1.3662852882629353,-0.731271430938394,0.4460556380391919,-0.2785005306837465,-0.24135648981434904,0.3587800475941774,-0.19554940768066217,-0.9526453885432701,0.14975109765907102
-0.3417371510224305,0.7661190409347917,1.6962138295708602,1.512390773618389,0.6657995113445085,1.2214458642791461,-0.9930189134235066,0.2238112123135325,-0.79304176253447,-0.13061231393949915,1.2995985849614713,0.6421503905534386
-3.134253603932308,0.4526302857159112,-0.7223676395217669,0.381253959581697,-0.9013330868110094,0.22938689588376426,0.1063278939334282,-0.4734602861185794,-0.009089425119964488,0.43608547407412046,0.9857123382569783,0.176786529091697
-0.24733344714160477,-0.2054806411414804,-1.6442407735336548,0.6249904203892565,1.0929849856520257,-0.34561788018188766,1.8014248787481788,0.6238280920150139,0.6292358595983788,0.4122533670497833,0.47210331652909376,-0.21315417498711664
1.1890118787738646,-1.4251583226222142,-1.8510011128609014,0.19527427720915952,-1.66771670907911,0.28127956125500425,-0.796411293925665,-0.9852817581630026,0.2767738166313305,-0.09863613770979648,-0.628166114995949,-0.46959470822728633
-1.3363860481533985,-0.751889907318256,-0.06498806793348212,-0.926032330538771,1.3058359271003501,0.2314922675656103,-0.08554155522739655,0.7943182409517782,0.49945313947246184,-0.7448206560707322,-1.0966180855715901,0.9435177753308656
-1.8218903883866382,0.0676892629990682,-1.6106593275850671,-0.3020559019021775,1.5632991128493332,-0.04052189290438851,1.405718848294008,-0.216615130032298,0.060055822969451424,1.2185399494193314,1.0130788084181592,0.12926391180671362
-2.074647815496785,-0.8704866173947259,-1.3232565511672776,-0.2597241089946822,0.6088019296125075,0.9620603477014733,0.4037642233474539,-0.15969588856974723,-0.11221809606217974,-0.3506267452062482,0.6861111299283826,0.46798348262683725
-3.290793058043946,1.2029328216279205,-1.2403136884785106,0.034510034248683555,-0.6047313642881481,0.29562192133495413,0.5824449696260641,-1.0772596721387202,0.5756776601256753,0.08517033703180008,0.7900631928252584,0.20986576906242532
2.8795115925449997,1.3875627020505523,-0.9710206319948017,-0.7809080383764695,-0.7066581551823166,-0.3543287264894615,-0.47630206550468,-0.49602278106782766,-0.7448075001196962,0.5348150262971051,-0.06462194753515585,-1.2669592457531964
0.7307201563020114,-0.2902193433725612,-2.0476757376151395,-0.26599685867520484,-0.9984409357408359,0.06311845559509954,0.02371718577640276,-1.4258014452225878,0.4903515882146431,1.4214435878161957,0.20650044185698,1.5905179859611271
-3.4854730495040744,0.6620455311998182,-0.28659513927988856,0.8890890473674466,-0.06820820128507715,-0.47226709232358555,0.0994560638361974,-1.065235699014489,0.9692005870611975,0.8156171733437995,0.7668752036339155,-0.1737218448726841
-1.6610001622120671,1.5650782129289929,-0.6875246390289154,-0.7214317783408093,-0.7409801123422427,0.31489142539810555,0.2949816894151374,0.28298982674341283,0.0684038667189785,-0.5632859297780132,-1.0434049287535847,-0.3180242190394473
-1.2834672084020564,-2.170399279115859,-0.6104273767360031,-0.44945781073353247,-1.0799635256472626,-0.9435134606807188,-0.8956086244994724,0.5078616323023888,0.6350618196758436,0.11913674800490587,-0.005194370017508015,0.5798445024148514
1.0123307270796624,1.205588640042217,-1.2555540979707165,-0.5799071023456501,0.03804818819355134,1.678298019672478,1.3904633865164058,1.0325747779902743,-0.6976067704621803,0.5294703352648192,-0.2790887801479644,-0.5612947505618027
0.47279219532354194,0.3837149184503679,-1.0360992043254496,-1.683292226597799,-0.038870983056270875,1.438435519263057,0.8204672797171383,1.5352160753325819,-0.46752957669607487,0.7402631628794938,-0.3421332074635252,0.8191436595727417
-1.4169092501086884,-0.6890504250220086,-0.44256240093409577,1.3078829233195703,0.30791397237642915,0.7050700421871225,0.7620031120591573,0.5781638823934331,0.9596851935008668,-0.45410620937474705,0.6992306902293526,0.2373525931471607
2.1827771879947395,-1.7113369604681192,-1.6065391366167454,1.8610753931719728,0.5646107500197707,-2.0469495792425194,0.43826675903775014,0.6533871655742588,0.47562133780314764,0.7814931820774288,-1.2533715746512977,-0.8510910564859622
-0.12180158037559628,0.6707567879528025,0.41853104385954515,-1.1687559992248189,-0.8101019249567135,2.8561288817352284,-0.17896599548062653,0.4639334702098753,1.3139347902937932,1.036288751711522,-0.015476615147656542,-1.363573779961106
0.2720484164502865,-1.8419859488858712,-1.477273992306071,-0.6489660469989168,-0.5442280316479314,1.052690072355226,0.2627699563474797,1.4594557547921434,-1.5423509036146223,1.4674714109239115,1.165839584153676,0.4774766453412638
-1.5870284967761425,-1.0964059439956144,-0.15559713272365452,0.10117079405359414,-1.2685808781996986,-0.8671207931336017,-0.23847867301537834,0.9410770993918577,1.6346632590579047,0.33961625804777396,0.19771183509749243,-0.44558540418175463
2.535595392615079,0.2631603101993892,-1.1445195313187648,-0.05920474101445737,0.6693707469997677,1.2621292926292538,0.16595670723943615,-0.5486126285148953,-0.0629412201850484,1.442608707109119,-1.2216558942797797,-0.46186950931389675
3.1954608493531493,0.2847889481802743,0.6199924838891725,0.4834112903974191,0.5123576816892274,-0.19670468463298915,2.457228958072526,-0.5417109831730939,-1.8210888421803635,-0.9905000257830775,-0.06994699280413555,-0.4421499344521548
-0.3135578763050988,1.106178568423454,-0.06112087006353641,-0.8943500404468598,1.3007759081257295,0.3673389213840343,-0.0454790484247353,0.20168083458856098,0.14747102016838223,-1.402261927085189,0.2050666143210987,-0.4991613642022503
-1.9151932548865371,-0.7349989505427452,-0.640772591011621,1.3591026582044727,-0.47779491248040007,-0.6729750711522183,-0.21056531001646311,-0.44763388655129555,-0.3764595327610321,0.08840560080880752,0.46630810033459724,-0.45776787077043446
-2.551264203151391,0.5025532037539178,0.03213100982757984,-0.27735988665021866,0.35938336053734504,-0.42101331078253246,-0.6714522130929951,-0.5605958391862926,-1.0152443962256779,0.42688786170717374,-0.6606656390442553,-0.7866209333711409
-2.6197546807227616,1.2858909659162927,0.0706772680851029,-0.14018447188968217,-0.23394587197294595,0.24530931161870662,-0.2918906856174683,-0.2567336959486862,-0.8476018390648824,0.43461777722307837,-0.3674137993181119,-0.7873265534433033
-2.7752989961424386,-0.5994273171488076,-0.9397355496177517,0.30449113345296547,0.051460170020969045,-0.937106351688113,-0.28443417327831855,-0.8389274951868773,-0.4059744464152677,0.42518449147780557,0.3983558431053037,-0.9940850246271598
-1.9495506971153893,-0.4365299706175014,-1.5435493563324596,-0.30541822756721265,-0.4360886844508838,-0.9351817353768149,0.24339861284716466,-0.2266952358588044,0.6841187196903542,-0.5676745713439214,-0.23152621040278212,-0.14667901889859342
0.18951541004334221,-0.3801656581448537,1.120592437742369,1.1933032724025423,-1.3903347542691045,0.9551678553837724,-1.9161955018823857,-0.49465906385621994,-0.470618185460217,1.597439188211741,-0.5670928251000317,-0.1671447200601025
-0.7745944800446616,-0.6564396903697798,-0.03321185366590927,-0.25764055575617023,-3.1273241671710377,0.3843029977713359,2.341134675588668,0.5054865076339465,-1.0126435319927931,-0.7117252796430877,0.1916906420643368,-0.9161128859486418
1.2125215708162742,0.5280882736410579,-1.3891889324201279,0.29958732370876723,-2.1057043716747277,0.9262541790943072,-0.020642609432726017,1.2095606950799593,-1.750210923421744,-1.2624168366079025,-1.6301492015388694,-0.9601665170655682
-0.5587348285207127,1.418171724827908,-0.31764470726778893,-1.9054004952796315,-0.7743511716114533,0.28643324534408315,-0.8731198444140345,-0.4370901069536471,-0.19098815320844809,-1.1023492155811456,0.39573674256641156,0.6349858941712574
1.0713928257102603,0.9901931213180282,-1.4568497679955705,-0.39475681781110644,0.9862199908654687,1.13929116006904,1.034528968767639,-0.1477669844036605,-0.7421387978386005,0.7725389360708796,-0.7026314451743529,-0.7832670863360169
-0.11929996158265713,1.1767087095407258,0.4918272831433704,-1.6028554122407064,-0.6517163682440787,-0.10350051618054536,-1.2071064698207374,-0.5685931236883055,1.3904911073264485,-0.35503941324375704,0.21473770797153777,0.1560971111268373
-1.095323038994898,-1.0495131669723556,1.9795969812732273,-0.5549861063046717,-0.580096281862487,1.196619055898595,1.6704088850632755,0.7428236756708044,-1.2759434494625421,-0.2401623491471054,-0.3373185555414716,0.11062945863592775
1.2180172008689933,2.258225091753823,-0.8515701495454602,0.06900942574261605,-0.7481664365050448,-0.23147227724066216,0.4536238674238545,0.387579071656926,-0.8290224147857336,-0.0467501118181316,-0.045162047895601805,0.6669412249132204
1.943742602395423,0.8765978005787076,0.16799298914773442,0.30366324753265866,-1.2956321345491342,-0.3050855619928244,-0.9129322021816482,0.562182869065499,0.21294422889815093,-1.167323624221838,-0.4965985769319743,-1.0342311431335642
2.1321341842968917,0.9734292066668659,-0.8747416838099157,-1.0219743855400778,-0.9179518496490331,-0.6762070273951374,-0.15691459320131113,0.836968623464768,-1.3211312550004743,-0.24955284192306879,0.21528900833869388,-0.3277214069105971
-1.634871880615159,-1.171910894876156,-1.3185383340610684,0.025185472462512192,0.8753288422426827,0.5179683096986635,0.25110366961342534,-0.2296575745792941,-0.06827349881035893,-0.25275791014357,0.3193008758451178,-0.16239378274567967
-1.3059523668542834,0.9567674876541787,-0.7162229897410634,0.304111160968998,0.7268880198583294,-0.47440431528083815,-0.30081743713436254,-1.70434795809284,0.033894301605673784,-0.51667320382272,-1.5203993100595732,0.3658332529269494
-2.2604059493370254,0.5422707545003782,-0.8881918642228696,1.1866507093710181,-0.5825877894193372,-0.23145685257503656,0.5181123799771467,-0.7230027652824792,0.6706732455046155,-0.20561324553917956,0.5175373406877246,-0.11434044588847837
-0.5649922010735772,-0.632536478916328,-1.75795676747602,-1.3716342916918474,-2.2988676866932205,1.085040788979513,-0.36155970801848375,-0.25184145626139326,0.5646939036074367,-0.048985295719724396,0.26817634645705435,0.5251282567560821
0.48482287712480115,-1.4511108302396707,-0.9499185949100717,1.4147918156132857,-1.8939013141342593,0.8115120403347515,0.043831645312031355,1.7209731606515952,-0.3902230499259198,-0.7568843510731089,0.07812754816017983,0.5085617608112896
-0.7853395118910353,-1.6690941700061945,0.8456056733461762,-0.07828009485605796,0.19498773322902066,0.55111349938944,-0.6692883143723182,2.385463283518724,-0.7684010247014226,-0.08045181582814145,-0.5956258436948813,0.15077470891400502
-0.9155434912301916,0.6096419557148971,0.5902482167147094,-0.5460354907099361,-0.45267133260096876,-0.5415100654847812,-1.3162253014030518,0.41846427696954136,-1.4132723346997953,-0.5801979865576359,0.5632740741681749,-0.2623755303387999
-1.3222542475875032,0.12579860111244887,-1.2118458232390463,0.7143458144725988,-0.9509802278558123,0.18341993383642413,0.12302968698260038,-1.062372426011571,0.3705515710662337,0.09360435230210826,0.41403782569568137,-0.8932226167859114
-0.7693249410994153,-3.244300206327305,0.8466186783346002,-1.1481853875560388,-0.308997720454485,0.5944732956379157,1.0628334235818697,-1.1580648904090096,-0.3991717438865566,0.578012082681096,0.6334935634037813,-0.7895484711085294
-2.1805026770162974,-1.5948876050711922,0.32622160465112354,1.1871379155051,-0.9523901451560314,-0.8636089070665801,-0.9793909671847522,0.6645288847450717,-0.10229683898761001,0.897868408747829,0.5469882873822478,0.3368645904182382
-2.4218654933052695,1.120860794605002,0.017388889257434384,-0.3966270115477413,-0.11736516873871108,-0.16151595088215148,-0.15663848893876525,-0.06247382530309529,0.06259728811694085,0.023745506401733594,-0.7497528234998019,-0.13705165961954519
2.3706934877266743,0.7437179624977591,-0.26520592775137686,1.016644891026564,-0.08008638370506657,1.2185725655472408,0.6544520965262886,1.1506610391659406,0.8571389620184147,1.1682000689613652,-1.147023063493844,0.6564393563809933
1.2923169883723389,1.4571903368425123,-0.9382240571163836,0.23649777685622345,0.8032118734657665,-1.8055539970239534,0.13436457865215398,-0.48971434413377835,-0.7685405774002493,0.16127484326579206,-0.7460558745881763,-1.0124925896762018
1.097267496910915,0.23774855402082273,1.8523538220455313,0.12027012878427339,-1.7503874447986267,0.0744871328818335,0.6763246134832236,-1.2305295214658802,-0.5981440556282561,-0.6461832881725699,-0.3964133952132171,0.0790981753761231
-1.443459683034316,1.2989358949013374,0.8226538064671229,-0.6977379027737526,0.6105494961137431,-1.8804606377857476,-0.4463508202463563,0.3031461847442143,1.4487048274338805,-1.068387028966832,-0.0709349891985677,-0.39481156877958756
-2.138712376851215,1.417127354098909,0.2465135587335846,-0.0773026509229661,-0.6027652015269763,-0.06938521175142642,0.14904713088772792,0.7049195058393912,0.3981309401198635,0.03079312857422981,-0.7256137929419458,-0.8114175104655816
1.7980657557484154,0.6642362301818208,0.14702721739741675,-1.0278184387685396,0.6198579778402015,0.03329106719043617,0.046433543710586,1.4262421601081938,0.6141651419908573,0.3830130732833176,0.337101401889668,0.5537085344277254
1.0996255685855563,-0.5729154171897796,0.5954042140059946,-0.048958184101028625,0.486566241750776,-0.08042601834198557,-0.6574206818172451,1.7865498659551766,0.7458656925121757,-1.169880424765642,-0.8100091537606963,0.385940695866415
2.3687048429961615,1.0276806434515606,-0.5738380773534553,-0.7053308636110773,0.18260517434525939,-1.2844287355190387,-0.6030013816321764,-0.8190871778941887,-0.07797676315333234,0.7083360732851188,-0.21035289064431187,-1.4148538251135574
0.1507792552372486,0.22666896221077262,-1.5907061258575015,1.1917991005700408,-2.71196719397195,1.0606317198788089,0.41198004637771096,0.750993422637526,0.16109101230580522,-0.9680381797136322,-0.07430358542118434,1.1928854581671522
-1.3977699673025932,-0.2963817551667384,1.3634105431243686,-0.2682333242831494,-1.378846487946946,0.7557419482655711,-1.6604864167876285,0.3100327097218998,-0.019724207003006887,1.6920628207055024,-0.06079307689708342,-0.09672284632643502
0.11603253169145586,-1.0413907052095541,2.284234424464691,1.3534260638586764,0.746884481337445,-0.22047679528532635,-1.2987691039611065,1.8876850397813518,-0.5871838542304646,-0.4147480442397421,0.9343396699414989,-0.05587740232037762
-0.16308888636510113,-2.368510558404296,-0.7642607802639279,0.46983865914414086,0.01552854090105542,0.6299031104502113,-0.15309627406825232,0.5985410800360027,0.21967848056018233,-0.37517492344643516,0.37976295430109763,0.07656555643694289
-1.8071897492680156,0.24279000507074858,-0.8203743830554653,1.3962899152604864,-0.5793718773014027,-0.6828598590976492,0.564618700492914,-0.22281256427112267,0.7053866901937343,-0.22424048975433916,0.2538159252482386,-1.185000604461654
-1.2697143028735831,-1.1333106020711974,1.1915711056358567,-0.32186428340022405,0.61302611902038,0.6582360036206663,-0.6755004041202337,1.3910049101388904,0.3759163077891617,0.5970032718858076,-0.31563566121214964,-0.32422962432084473
-0.4568845206395396,-0.03149082746654873,-1.475338727181325,1.0265091666698372,-1.7217552530858249,0.02021001169605638,0.5488774924972908,0.522559174733706,0.4340304192997131,-0.931076546183986,-0.1647302706250228,-0.0737109990041737
2.1593937592140637,1.1599723831854363,-1.0726534770125704,-0.4299812683794848,0.3833309228244392,-0.8856631041585278,-0.8680357189515918,-1.613228431479905,-1.027755923396692,0.36185275331814193,-0.3563346475695546,0.7664219931570201
-2.3603228871401787,0.5146925755227304,0.150914805616936,-0.44088771034297375,0.16071555972655452,-0.6186247253353676,-0.43699599982009546,-0.04493229928086726,0.12203800405991314,0.01916390230741036,-0.9247260493152355,0.1156610946170235
1.8364377200555075,0.7142188367764437,-1.2242215442871471,0.4732370663949175,-0.46267056380006816,-0.3195951891467724,0.596845147585682,0.11920216343492322,0.7045875773397575,0.2174901613893596,1.4498989052786915,0.14469641566376643
-3.125274989697308,1.6040478231310058,0.7080183547049976,0.20765719601111204,-0.00928209951519758,-0.0895256714620647,-0.10591298903292397,-0.09897407903761656,0.2415997257760126,0.6597440125711436,-0.2586632928203571,-0.6733682427895615
-0.17919459736516533,0.4579778496126654,0.7289814965134606,-1.366626152644056,-0.8314173040035527,-0.861316879764795,-1.003725268993284,1.0536273657317166,1.021964603254667,-1.0254821164914427,0.07147163858794245,0.3341639179282632
3.2122873339237086,0.1822422894268321,-0.3343848756089207,0.5923587574334332,0.002336731190239263,1.3594992952502256,-1.8401456982143105,-2.8392456344031682,0.39163033610391396,-0.10786186790232273,-0.8258034293263216,0.05710376692185441
2.8707224542986878,-1.7669478445000673,1.1019289486423498,0.29787450385464953,-0.22374657703108977,-0.8427089568090675,2.011066686812773,-0.3835943370754678,1.7866245291051923,0.7254274406183477,0.6559215112314721,0.043561369254099945
-1.1404094874024915,0.24888537210873243,1.2418669653581735,-0.44412065575544757,0.9215729584442961,0.45413110265388607,-0.7159350420052635,1.0739008331480995,-0.4632075377074651,-0.6327519138659239,1.1186378833330608,0.220247217902355
-1.1759649921981876,0.5323339566364562,0.35981226751690504,1.6274005419556177,-0.4667368269626264,0.3689249536825263,-0.5238842468886512,-0.47004851644983237,-1.2090523286991879,-0.22459077873161035,-0.39599134245061673,0.5927638923226739
0.7646704396107026,-0.3201135751345538,1.1468902284286686,0.5744617943809935,0.44723320604821626,0.2330767566890895,-0.6738759756643007,1.6165566805494769,-0.032565025820524986,-1.3849214555807619,0.3923412698565109,0.6163308739232523
-1.8598232890320239,-1.6210695349907336,-0.957669093907236,0.4622366504231475,-0.08831701874770528,-1.07989089910298,-0.9979921851597736,-0.8138645217806977,-0.7213455752861968,0.41937736484017396,-0.07026916478503523,0.03349947424988966
1.5549480365493675,3.050929413466107,-0.27053941076625265,1.8622448396351015,-0.18649124539032516,-0.4587828605987201,0.6980151670681637,-0.527692152996282,0.3099164765706063,0.19575544617163682,-0.19040366125945493,0.49096202384124277
2.769337307797039,0.665345577150828,0.4812510774248648,-0.6784847762433335,0.29418665966833113,0.5255133782499435,-0.5393295016945164,0.7235261843828703,1.5462263297568017,1.1413459985322463,0.10055242709128773,1.0048981415466716
0.0645527305962899,0.2697678323713792,-1.983724279710247,0.4240053895693107,-1.5011706302185361,-0.44492845195052044,1.2731927642421121,1.0390222763143477,-0.18864639730995234,0.27380301403784285,0.3525373730529202,0.8450808715627735
-3.1478286201425223,1.6399612491154694,0.9159164939320591,0.22547290537009496,-0.40422410547035775,0.19556048707492946,-0.11536053031535849,0.24932583512858633,0.44217648290055833,0.6336147921549995,-0.10378603446231185,0.0728597168707747
2.6524799331505644,-0.761083502947036,2.087699971037738,-0.4722176729483472,-1.3650183042670834,0.8902184384328188,1.5941044739715997,0.9445978345879972,0.6727296544649453,-1.117387058466673,-0.35306224226122723,-1.89859640878062
1.1035734277208766,0.41742979651306983,-1.5015652012733793,0.24122451879413206,-0.7761966200358833,-1.7180957334060714,0.6880193650358002,0.85837644829103,-0.2792340367013607,-0.46730494063570444,1.2647656402066356,-0.2255989495598786
-0.6884171477533916,1.4814312046900544,0.7196236623412547,1.0749010586883792,-0.17681839448012873,0.008256053313703928,-1.246505500941471,-0.8551719511040273,-2.0302116402807266,-0.1385184333537455,0.889457092444284,-1.0520055967919344
2.604311444439055,-0.19730836605102964,2.2028377506114443,-0.16366865899076155,-2.1952901777412093,-0.08836626099178575,0.1722610015197553,-1.042334322089674,0.8687076924497807,-0.748216992221968,-0.6399477185726277,0.7652772899358993
1.886790571992919,2.3719104787240775,-0.03365416325983519,-0.07679293430936193,-1.5120489649365643,-0.13630657124032375,0.39404991667674616,1.2943934036248168,0.30187902548761514,0.16063251142192256,0.5029438803856399,-0.026415171739685703
-1.3412279248979075,-1.4621116742573925,-0.19050381429005697,0.8983464926207763,0.20114680318453068,1.1202538640515523,-0.07410211811733332,-0.022088446275074017,0.36052719455740573,0.3024435785138396,1.1195300976021954,0.2924072243778647
